NumOfDSPs,mlb12,mlb9,mlb8,mlb6
120,2.859188374580683,3.3369016987219036,3.2110814590299133,3.7010626632679067
360,4.569799835154298,4.933313522862239,4.478002704958225,5.1196200740702205
720,9.788529950151199,7.186386159613419,9.519367590645144,6.747805340800767
1200,8.723980012076174,8.010448739371153,8.326578840960538,7.972068305264911
2256,8.504801289971867,8.05559731034063,8.185601189218104,7.987519310748366
4272,6.876179601920792,6.563403680518097,7.0896281286143745,6.557998310985471
9024,6.193754407772817,5.917093739702183,6.552403562765564,6.05686597701017
12288,6.08859471426806,5.8754420274101555,6.489832119606608,6.0019769841247985
