NumOfDSPs,MLBlock-12,MLBlock-9,MLBlock-8,MLBlock-6
96,3.0159310695618515,3.5655203616349613,3.3252169813880426,3.8618958081372488
192,4.162955486141412,4.325414778098145,4.315493466357097,4.831969661681902
384,4.469807900006438,4.713762361557177,4.58250244073632,4.967399709247565
768,9.237271505318823,6.661876894034865,9.183922071070942,6.389566485880264
1536,9.2420781189332,6.437664342572483,9.375213890955507,6.659645471530452
3072,6.403293853072412,5.759827043924042,6.67780448211787,6.177506358087588
6144,6.364563602525841,6.060499687903014,6.67784063325639,6.210385443897215
12288,6.08859471426806,5.8754420274101555,6.489832119606608,6.0019769841247985
